{
  "training_date": "2026-01-28T03:26:03.492274",
  "feature_columns": [
    "is_home",
    "days_rest",
    "opp_pts_allowed_L10",
    "pts_L5",
    "pts_L10",
    "pts_ema_L5",
    "pts_std_L10",
    "reb_L5",
    "reb_L10",
    "reb_ema_L5",
    "ast_L5",
    "ast_L10",
    "ast_ema_L5",
    "min_L5",
    "min_L10",
    "fg_pct_L5",
    "fg_pct_L10"
  ],
  "target_stats": [
    "pts",
    "reb",
    "ast"
  ],
  "tuning_enabled": true,
  "metrics": {
    "pts": {
      "xgboost": {
        "accuracy": 0.5902426019728072,
        "auc_roc": 0.6163473053204693,
        "log_loss": 0.667523906506279,
        "brier_score": 0.23749512434005737,
        "calibration": {
          "prob_true": [
            0.0,
            0.27896995708154504,
            0.34280476626947753,
            0.4749322493224932,
            0.5529573590096286,
            0.671875,
            0.7
          ],
          "prob_pred": [
            0.18714240193367004,
            0.2707371590858877,
            0.3569595778512911,
            0.44782041897618674,
            0.5416006727100566,
            0.6419576797634363,
            0.7228630026181538
          ]
        }
      },
      "catboost": {
        "accuracy": 0.5937083444414822,
        "auc_roc": 0.6165265621609333,
        "log_loss": 0.6681757837512847,
        "brier_score": 0.23778807089394938,
        "calibration": {
          "prob_true": [
            0.0,
            0.2,
            0.30739299610894943,
            0.36256781193490056,
            0.45990063875088716,
            0.5666178623718887,
            0.6452991452991453,
            0.6071428571428571,
            1.0
          ],
          "prob_pred": [
            0.09898434034084119,
            0.1729830344875293,
            0.2634029602080209,
            0.3573529708641856,
            0.44825070162287267,
            0.5424022767307684,
            0.6349674313831651,
            0.7294763034008012,
            0.8274318606718031
          ]
        }
      }
    },
    "reb": {
      "xgboost": {
        "accuracy": 0.6153025859770728,
        "auc_roc": 0.6343888262868869,
        "log_loss": 0.6567441406681126,
        "brier_score": 0.23223836719989777,
        "calibration": {
          "prob_true": [
            0.0,
            0.2637795275590551,
            0.3402130492676431,
            0.4634538152610442,
            0.5888157894736842,
            0.7251908396946565,
            0.7142857142857143
          ],
          "prob_pred": [
            0.18027058616280556,
            0.2743951373799579,
            0.3569573792969974,
            0.44602602717866857,
            0.5401769548066353,
            0.6349836910953959,
            0.7144653371402195
          ]
        }
      },
      "catboost": {
        "accuracy": 0.6161023727006132,
        "auc_roc": 0.6395699232788783,
        "log_loss": 0.6545016511482753,
        "brier_score": 0.23124140739234395,
        "calibration": {
          "prob_true": [
            0.0,
            0.125,
            0.2691292875989446,
            0.3505231689088191,
            0.45758564437194127,
            0.5855263157894737,
            0.7328767123287672,
            0.5172413793103449
          ],
          "prob_pred": [
            0.0941032192777465,
            0.18001227510412834,
            0.2672742258624669,
            0.35613155521430034,
            0.4456715454234892,
            0.5420554762847445,
            0.6365678787238068,
            0.7316622638101371
          ]
        }
      }
    },
    "ast": {
      "xgboost": {
        "accuracy": 0.6115702479338843,
        "auc_roc": 0.6460237549828268,
        "log_loss": 0.6524532867647508,
        "brier_score": 0.2303263396024704,
        "calibration": {
          "prob_true": [
            0.0,
            0.23529411764705882,
            0.352900069881202,
            0.48331977217249794,
            0.5794979079497908,
            0.6763005780346821,
            0.9230769230769231
          ],
          "prob_pred": [
            0.1875239759683609,
            0.27083480926120984,
            0.3511914261398742,
            0.4433804882358399,
            0.5371529440001963,
            0.6422437749846133,
            0.7128979701262254
          ]
        }
      },
      "catboost": {
        "accuracy": 0.6179685417222074,
        "auc_roc": 0.6464842218951146,
        "log_loss": 0.6520282613693025,
        "brier_score": 0.229813416260688,
        "calibration": {
          "prob_true": [
            0.18181818181818182,
            0.2695035460992908,
            0.28338762214983715,
            0.35223367697594504,
            0.4844533600802407,
            0.5551330798479087,
            0.6778242677824268,
            0.7368421052631579,
            1.0
          ],
          "prob_pred": [
            0.08384174979435835,
            0.1685947826398011,
            0.26117830793308355,
            0.3520152919467013,
            0.44450039623271204,
            0.5427608672013722,
            0.6390224643246275,
            0.7286220053185378,
            0.8414390804958541
          ]
        }
      }
    }
  },
  "best_hyperparameters": {
    "pts": {
      "xgboost": {
        "colsample_bytree": 0.8363571772752967,
        "gamma": 0.3387821809211412,
        "learning_rate": 0.014810470389078283,
        "max_depth": 5,
        "min_child_weight": 3,
        "n_estimators": 247,
        "reg_alpha": 0.6451727904094499,
        "reg_lambda": 0.7615496435074871,
        "subsample": 0.8763750952409863
      },
      "catboost": {
        "border_count": 128,
        "bagging_temperature": 0.2,
        "random_strength": 0.2,
        "depth": 5,
        "learning_rate": 0.25,
        "l2_leaf_reg": 3,
        "iterations": 400
      }
    },
    "reb": {
      "xgboost": {
        "colsample_bytree": 0.9003484271165989,
        "gamma": 0.3772714370423412,
        "learning_rate": 0.03990592196242045,
        "max_depth": 3,
        "min_child_weight": 1,
        "n_estimators": 161,
        "reg_alpha": 0.4965611906830777,
        "reg_lambda": 1.0844271293288053,
        "subsample": 0.7190540698037243
      },
      "catboost": {
        "border_count": 200,
        "bagging_temperature": 1,
        "random_strength": 0,
        "depth": 5,
        "learning_rate": 0.05,
        "l2_leaf_reg": 3,
        "iterations": 400
      }
    },
    "ast": {
      "xgboost": {
        "colsample_bytree": 0.9003484271165989,
        "gamma": 0.3772714370423412,
        "learning_rate": 0.03990592196242045,
        "max_depth": 3,
        "min_child_weight": 1,
        "n_estimators": 161,
        "reg_alpha": 0.4965611906830777,
        "reg_lambda": 1.0844271293288053,
        "subsample": 0.7190540698037243
      },
      "catboost": {
        "border_count": 254,
        "bagging_temperature": 0,
        "random_strength": 0.5,
        "depth": 4,
        "learning_rate": 0.3,
        "l2_leaf_reg": 5,
        "iterations": 300
      }
    }
  }
}